imie,plec,1950,1951,1952,1953,1954,1955,1956,1957,1958,1959,1960,1961,1962,1963,1964,1965,1966,1967,1968,1969,1970,1971,1972,1973,1974,1975,1976,1977,1978,1979,1980,1981,1982,1983,1984,1985,1986,1987,1988,1989,1990,1991,1992,1993,1994,1995,1996,1997,1998,1999,2000,2001,2002,2003,2004,2005,2006,2007,2008,2009,2010,2011,2012,2013,2014,2015,2016
EDWARD,M,30,33,26,33,27,26,27,17,22,10,9,5,5,3,5,7,3,,4,4,2,,1,,1,,,,,,,,,,,,,1,,,,,,,,,,,,,,,,,,,,,1,,,,,,,2,
ALEKS,M,,,,,,,,,,,,,,,,,,,,,,,,,,,,,,,,,,,,,,,,,,,,,1,1,,1,1,1,,,4,1,2,2,2,5,5,7,4,5,2,,2,4,2
MICHAL,M,6,7,1,9,9,4,1,8,7,4,3,2,5,1,2,6,3,3,7,6,21,35,26,29,44,63,75,102,128,167,177,175,185,218,197,189,187,181,183,157,167,147,140,116,122,103,86,89,95,101,82,79,91,75,66,63,72,58,68,69,76,68,62,69,49,58,39
ANDRZEJ,M,141,147,168,173,166,179,203,191,197,176,159,146,146,129,121,136,120,100,115,115,131,123,114,109,102,105,82,71,70,57,48,45,48,50,42,44,39,19,23,12,17,17,16,11,8,12,5,13,4,6,8,8,3,3,3,3,2,1,6,3,3,,4,2,5,2,4
PIOTR,M,16,20,27,37,26,32,33,46,48,51,48,68,75,73,74,118,146,126,154,156,150,177,164,194,174,175,175,170,173,173,188,148,178,209,169,173,149,131,143,128,96,120,110,69,79,69,59,56,57,51,45,36,34,40,43,34,53,35,35,41,36,38,38,40,38,45,22
JACEK,M,15,21,22,17,22,26,22,33,41,49,47,43,44,65,61,82,86,76,86,93,86,70,81,56,74,68,71,60,66,55,54,49,37,41,28,34,21,20,27,27,19,13,17,13,11,9,2,9,1,6,6,2,1,2,3,5,5,1,3,4,2,3,1,2,1,3,3
ADOLF,M,1,,1,,,,1,1,,,,1,1,,,,,,,,,,,,,,,,,,,,,,,,,,,,,,,,,,,,,,,,,,,,,,,,,,,,,,
CYPRIAN,M,,,,,,,1,,,,,,,,1,,,,,1,,,,,,,,,1,1,,1,1,2,1,,,,1,2,1,,,,1,,,1,1,,2,1,1,,6,1,7,3,3,5,2,2,5,4,3,2,1
RADOSLAW,M,,,,1,,,,,1,2,,3,2,4,4,1,7,10,10,10,9,8,20,12,21,19,28,30,29,34,42,29,25,29,26,26,22,22,20,21,22,7,17,11,14,10,8,8,10,9,4,4,6,6,4,3,5,4,5,3,5,4,2,5,4,6,3
JULIAN,M,1,3,1,,3,3,3,1,1,2,1,,3,,,,1,,1,,,,,,,,,,,,,1,,,,,,,,,1,,1,,,,,,1,,1,5,,2,2,,,4,4,5,11,11,12,13,15,13,9
WLODZIMIERZ,M,16,18,27,26,26,22,28,15,14,14,18,9,11,9,7,2,6,4,4,5,3,1,2,2,3,2,,1,4,1,,1,1,1,,,,1,,,,,1,,,1,,,1,1,,,,,,,,,,,,,,,,,
TEODOR,M,2,2,1,,2,,,1,,,,,,,,,,,,,,,,,,,,,,,,,,,,1,,,,,,,,,,,1,,,,,,,,,1,,,,,,1,1,1,,5,
REMIGIUSZ,M,,2,1,1,,1,,2,2,1,3,1,2,3,1,,2,3,2,1,1,1,2,4,2,2,4,7,4,,4,,4,1,1,1,2,1,1,,1,3,1,1,,1,,,,,1,2,2,2,3,2,2,4,,2,1,4,2,2,,2,
PRZEMYSLAW,M,2,2,,1,3,2,2,2,4,3,5,2,5,6,2,13,11,12,12,8,10,13,15,20,24,12,19,43,42,46,40,32,56,62,62,48,53,28,51,32,29,22,22,18,28,32,22,14,20,15,14,12,9,13,7,5,9,18,6,6,8,7,7,4,3,7,3
JERZY,M,103,101,135,141,116,118,122,106,106,79,79,67,55,57,53,35,30,20,31,23,14,17,14,18,8,13,14,9,4,3,7,7,1,3,4,3,1,3,1,2,2,3,1,,2,,1,1,,1,1,,1,1,,2,1,1,1,2,1,1,3,2,2,3,2
EDMUND,M,9,3,,6,4,6,3,,3,4,,2,3,,2,1,1,,,1,,1,1,,,,,,1,,,,,,1,,,,,,,,,,,,,,,,,,,,,,,,,,,,,,,2,
WALDEMAR,M,33,50,38,50,57,69,66,52,66,63,52,47,43,43,34,39,28,23,17,22,22,29,15,13,10,8,7,5,7,8,8,4,5,1,3,,4,1,2,1,,,1,,,1,1,,,,,,,,,,,,,,,,,,,,
BOLESLAW,M,6,7,9,2,2,1,4,,3,1,1,1,1,,,1,,,,,1,,1,,,,,,,,,,,,1,,1,,,,,,,1,,,,1,,,,,,,,,,1,,,,,,,,,1
KAROL,M,,4,1,3,2,3,1,3,1,1,1,2,1,2,,3,1,2,1,1,,4,4,3,5,2,5,7,10,18,25,29,25,47,44,47,39,47,48,47,43,32,42,40,41,36,42,36,36,32,38,16,29,23,14,42,36,26,33,26,30,31,29,24,21,21,12
SZYMON,M,,3,1,,1,,,,,1,1,,1,1,2,,1,1,1,1,2,2,1,1,4,5,3,4,2,4,3,10,13,14,14,12,7,8,13,10,16,8,10,10,15,14,21,18,20,44,27,37,23,51,47,51,64,88,66,91,93,83,74,51,61,61,31
GABRIEL,M,,2,2,3,,1,2,1,,1,1,1,1,3,1,2,,,,2,1,,,1,1,,2,2,1,2,2,,1,,1,1,3,2,1,2,1,2,,3,1,5,2,3,5,3,2,7,7,2,4,11,11,10,15,16,18,28,20,14,22,27,9
WACLAW,M,7,4,10,5,9,6,5,2,2,4,3,,1,,1,3,1,,,,1,,1,,,,,,,,,,,,,1,,,,,,,,1,,1,,,,,,,,,,,,,,,,,,,,,
BLAZEJ,M,,,,,,,1,,,,,,1,,,,,,1,,,,,,,,,1,,2,,3,1,5,4,,3,1,2,,2,2,1,2,2,,5,1,3,2,1,1,,4,3,2,2,4,6,10,6,4,14,5,7,10,5
SEWERYN,M,,1,,,,1,,,,,,,,1,,,,,,,,,,1,2,,,,1,5,1,3,2,2,1,1,,1,,1,,1,,,1,,,1,1,1,,,4,1,2,3,,3,1,2,1,3,4,3,2,3,5
LUCJAN,M,7,10,7,13,10,5,7,2,5,3,4,1,,5,3,3,,1,2,,1,,,,,,1,,,1,,,,,,,,,1,,,,,,,,,,,,,,,,,,,,,1,,,,1,,,
LECH,M,11,10,12,10,9,15,11,6,9,8,6,6,5,2,3,5,2,,2,1,1,2,1,2,,,1,,,1,,1,4,4,1,1,,,,1,,,,,1,,,,,1,,,,,,,,,,,,,,,,,
LUKASZ,M,,,,,1,,1,,,,,,,,,,,1,1,,1,1,7,6,11,19,25,38,33,59,104,214,197,250,269,229,161,119,161,135,98,87,85,73,57,49,46,34,35,25,28,22,29,17,19,20,18,17,15,18,17,19,15,9,5,6,6
ROBERT,M,,8,6,7,9,8,13,11,18,20,30,22,31,45,71,73,88,83,98,104,86,102,89,105,92,103,81,76,45,61,52,33,56,40,19,30,24,23,19,10,12,19,9,15,13,9,11,6,3,10,6,5,5,2,3,6,5,5,7,4,3,6,4,8,3,3,2
NORBERT,M,,,,1,,,,,1,,1,,,2,,1,1,1,2,1,,6,7,5,7,12,6,9,6,4,6,3,2,3,2,6,8,1,2,4,8,7,5,2,2,7,4,5,14,3,5,5,5,3,4,6,2,6,3,3,4,3,,2,2,2,1
MATEUSZ,M,,,1,,,,,,,,,,1,,,,,,,,1,2,,1,1,3,4,7,3,10,14,12,11,20,23,43,76,59,72,87,103,140,109,134,89,110,94,96,86,64,84,78,85,60,82,78,63,65,72,69,52,56,49,58,48,43,22
HUBERT,M,,1,,1,,,1,,,1,,2,,,1,1,2,2,2,,3,2,6,6,9,13,9,8,13,16,11,3,7,10,7,5,6,5,6,8,5,12,8,7,12,4,8,12,10,12,20,14,16,11,13,21,25,11,8,17,21,15,14,10,20,15,4
KONSTANTY,M,1,1,2,,,,,1,,,,1,,,,,,,,,,,,,,,,,,,,,,1,,,,,,,,,,,,,,1,,1,,1,,,,1,2,1,1,2,1,2,,4,3,6,6
FELIKS,M,2,,5,1,1,1,,,2,1,1,,2,1,1,,1,,1,,1,,,,,,,,,,,,,,,,,,,,,,,,,,,,,,,,,1,,,,,,2,,1,1,1,1,,2
BARTLOMIEJ,M,1,2,1,,,,1,1,,,2,,,1,2,1,2,1,2,2,2,5,6,10,7,17,21,19,24,33,32,33,29,38,40,39,45,28,26,47,42,34,44,38,24,34,35,46,29,33,23,24,22,35,24,31,23,14,24,28,25,23,16,22,13,16,11
WITOLD,M,16,22,22,28,16,23,21,27,28,20,15,14,9,13,9,8,11,3,6,2,4,9,8,7,2,3,2,4,3,4,2,2,2,1,2,,2,2,1,4,,1,2,2,,1,1,,1,,,,,,,,2,2,4,,,2,6,2,7,2,3
STEFAN,M,10,11,16,11,13,11,6,9,4,4,6,1,2,3,2,,2,,2,1,,,1,,,2,,,1,1,1,,2,,1,1,1,3,1,1,,1,1,1,1,,1,,,,,,1,,,,1,3,,,2,1,4,1,3,10,1
IRENEUSZ,M,6,1,6,12,7,13,4,12,6,10,13,13,14,14,13,15,11,17,19,12,17,23,16,15,16,12,8,17,9,8,10,13,10,10,6,5,9,4,3,7,5,1,2,,,1,3,1,,2,1,,1,1,1,,2,,,,1,,1,,,,
JAKUB,M,1,1,,,,1,1,1,1,1,,2,1,,,,2,3,1,2,3,3,4,7,10,7,20,19,24,26,33,39,38,56,59,54,51,53,49,73,52,56,46,86,79,79,81,66,94,86,119,173,148,139,131,126,145,125,125,104,97,106,80,100,71,83,35
WLADYSLAW,M,16,15,18,9,14,17,8,9,7,3,7,5,4,1,3,1,,,,1,4,,1,1,,,1,,,,,,1,1,1,,,,,,,,,,,,2,,,,,,,,,,,,,,1,,,,1,,1
HIERONIM,M,1,,,,5,1,2,,,2,2,,,,,,,,,,,,,,1,,,,,,,,,,,,,,,,,,,,,,,,,,,,,,,,,,,,,,,,,,
LUDWIK,M,,1,1,3,1,1,,,2,,,,,,,,,,,,,,,,,,,,,1,,,1,,,,1,2,,,,,,,1,,,,,,1,,,,,,,,,,,,,1,,2,
LEON,M,3,2,5,1,2,2,2,1,1,1,,,1,,,,,,,,,,,,,,,,,,,,,,,,,,,,,,,,,,,,,,1,,1,1,3,1,,4,4,4,5,14,13,23,24,24,19
DARIUSZ,M,1,3,7,9,10,21,19,24,42,63,85,110,107,122,147,146,128,110,128,119,128,85,103,77,65,64,60,63,55,53,45,43,37,32,37,22,27,23,22,15,13,7,8,6,10,4,7,5,4,4,3,3,5,,2,3,2,1,1,2,1,1,,,,1,1
IGNACY,M,2,1,,,,,,,,,1,1,,,,1,,,,,,,,1,,,,1,,,,,1,1,,,3,,2,1,,,,,,1,2,1,,,,3,2,3,6,3,8,7,11,8,14,13,26,25,25,32,17
HENRYK,M,89,72,59,67,49,54,42,54,41,44,30,24,16,16,10,6,11,9,7,7,5,2,2,1,5,,1,2,,1,1,,,,1,,1,,1,1,,,,,,1,1,,,,,,,,,1,,,,,,2,,1,3,2,3
ALEKSANDER,M,12,9,18,8,12,8,6,11,7,5,5,3,4,1,2,4,1,,4,5,2,1,2,1,1,5,3,6,3,6,6,5,7,3,,7,2,6,2,5,2,7,13,5,12,12,8,15,8,13,8,10,5,18,12,12,24,21,27,31,37,38,39,29,40,37,27
KLAUDIUSZ,M,1,,,,,,,,,,,,,,,,,,,,,,,,,1,1,,1,,,,3,,,,,,,1,,,,,1,1,,,,,,10,,1,,,,2,,,1,,,,,,1
KONRAD,M,1,,4,,1,3,2,3,3,2,2,2,,2,7,6,1,5,4,5,6,6,9,9,14,16,31,34,28,47,32,26,32,48,38,44,24,34,31,30,43,38,25,39,27,32,29,23,32,19,12,16,13,13,11,11,14,9,8,17,5,2,5,5,3,3,
LESZEK,M,31,41,50,49,59,50,57,53,50,46,43,36,35,22,46,26,17,22,31,32,19,15,8,14,14,12,9,14,3,12,6,13,6,10,7,5,5,3,5,3,1,1,,1,,,,1,1,,,,1,1,,,,,,1,,,,2,2,,
TOMASZ,M,11,13,13,20,17,30,19,20,34,29,38,44,44,54,51,70,77,66,92,122,104,118,174,141,173,167,187,162,176,176,153,145,120,157,123,146,125,120,102,82,57,45,51,44,38,30,20,23,22,18,18,17,10,13,16,11,18,12,24,13,19,19,24,19,22,25,8
TADEUSZ,M,86,83,94,84,80,63,63,56,58,42,36,37,22,21,12,20,11,14,11,5,6,8,7,3,4,3,3,6,,3,4,3,,,1,,3,,,3,1,,,1,,,1,,1,,,,,1,,,,,1,,3,2,3,2,7,3,3
ALEX,M,,,,,,,,,,,,,,,,,,,,,,,,,,,,,,,,,,,,,,,,,,,,,,,,,,,1,1,,1,,,1,3,3,6,5,5,2,3,3,3,
TOBIASZ,M,,,,,,,,,,,,,,,,,,,,,,,,,,,,,,,,,,,1,,,,1,2,,1,,,,,,,,1,1,,1,1,4,1,2,2,3,1,3,3,3,1,5,5,2
NIKODEM,M,,,,,,,,,,,,,,,,,,,,,,,,1,,,1,,,,2,,1,,3,1,2,,1,1,1,2,,1,,,,1,,3,2,2,4,5,9,6,2,9,11,9,8,19,24,18,22,18,20
KRYSTIAN,M,1,,,1,,,,,1,,1,,,,,,,1,,1,,,,2,,1,3,,2,5,9,8,9,4,5,6,6,8,7,7,3,8,8,11,12,13,22,9,10,8,18,23,12,16,11,19,12,21,17,13,19,16,17,16,9,13,4
ZDZISLAW,M,23,33,24,23,26,19,29,16,16,14,10,7,10,8,8,8,7,2,1,2,4,2,3,,1,,,1,2,1,,1,,1,1,,,,,,,,,,,,,,,,,,,,,,,,,,,,,,,,
ROMUALD,M,2,5,6,3,6,2,2,5,2,2,4,2,1,,1,2,2,,,1,,1,,2,,2,2,,,2,,,,,,1,,,,,,,,,,,,,,,,,,,,,,,,,,,,,,,
JANUSZ,M,50,69,87,64,84,84,93,91,79,75,43,42,58,36,38,40,33,30,34,20,19,23,16,15,14,10,11,2,8,3,3,3,6,7,2,3,2,3,3,2,1,,,1,,,1,,,2,,1,,2,,,,,,1,,,,,,,
DANIEL,M,2,1,,1,1,,,1,2,1,,1,,,1,,1,2,,2,,1,1,8,9,25,22,18,22,22,26,52,35,47,41,33,41,31,31,33,28,29,36,43,28,24,28,24,20,29,29,17,17,19,14,8,10,15,11,13,10,9,9,10,9,6,6
ALFRED,M,1,2,2,4,3,5,4,5,1,,,,1,2,1,,,,1,2,,,1,,,1,,,,,,,,,,,,,1,1,,,,,,,,,,,,,,,,,,,,,,,,,,,
ZYGMUNT,M,8,29,16,16,19,21,10,9,9,8,3,6,6,1,2,4,3,2,,2,,,1,1,1,,,,,,1,,,,,1,,,,,,,,,,,,,,,,,,,,,,1,,,,,,1,,1,1
ZENON,M,8,14,11,14,19,14,16,11,14,9,13,9,9,7,8,2,4,3,1,1,1,,,3,,1,1,,,,,,,,1,,,,,,,,,,,,,,,,,,,,,,,,,,,,,,,,
BOGDAN,M,24,18,24,29,33,27,21,29,32,18,18,25,25,14,16,22,10,11,8,8,8,15,2,9,3,2,5,2,4,1,3,2,2,1,1,1,1,1,1,1,,1,,2,,,,,,,1,,,,,,,,,,,,,,,,
TYMON,M,,,,,,,,,,,,,1,,,,,,,,,,,,,,,,,,,,,,,,,1,,,,,,,,,,,,,1,1,,1,1,1,4,4,7,7,11,13,18,10,15,14,14
ANTONI,M,10,22,19,18,9,17,6,9,5,5,6,8,6,1,2,2,1,2,,3,,1,2,1,1,1,2,,,1,1,1,,,,2,2,,,1,2,,1,,1,3,2,1,5,5,3,4,4,12,8,13,28,18,18,32,42,40,64,53,67,71,51
MIKOLAJ,M,1,1,,2,1,,,,,,,,,1,,,1,,1,,,1,2,,1,1,,2,1,1,2,2,,2,4,4,5,6,2,5,9,4,7,7,7,10,17,9,13,21,27,32,24,39,32,37,38,41,42,39,51,37,41,36,41,50,44
ZBIGNIEW,M,73,94,107,97,100,123,103,91,90,102,84,72,76,60,57,42,40,51,54,33,35,25,48,20,22,16,17,17,16,13,9,5,4,10,7,12,3,4,3,1,1,1,1,,,1,,,,1,1,,,,,,,,,,,,,,,,
JOZEF,M,59,44,45,52,38,39,39,31,32,20,17,17,10,10,7,9,9,3,2,4,7,2,4,6,4,,1,2,2,1,1,,,2,3,,,1,1,,2,1,,,,,,,,,1,,1,1,,,,1,,,,3,1,2,5,,4
ROMAN,M,35,40,27,28,30,28,35,29,33,36,20,23,23,27,23,16,17,11,11,12,12,9,12,17,11,4,6,7,1,,3,4,3,6,6,2,1,2,2,3,,2,,1,2,1,1,,,,,,1,1,,,,,1,1,,,,,,,1
ALBERT,M,,1,,,2,,,1,,,,2,1,2,1,2,,1,1,1,3,3,2,5,5,7,2,2,2,3,3,1,4,1,1,4,2,1,3,2,7,2,2,2,2,1,3,4,2,,1,3,2,,5,2,2,4,,3,5,2,,2,1,1,2
ERNEST,M,,,,,,,,,,,,,,,,,,,1,,1,1,,3,2,2,5,3,4,8,5,2,3,3,4,2,1,5,2,3,2,3,4,1,5,2,7,6,5,8,11,7,3,7,1,,1,1,6,2,5,1,2,4,3,3,
WIKTOR,M,9,5,8,6,6,7,3,1,3,6,,4,2,,2,1,1,,2,2,1,,4,1,3,1,3,5,2,1,4,3,4,4,2,5,,3,,3,6,5,3,2,5,4,4,6,5,4,7,10,9,20,19,24,21,33,34,42,33,33,32,34,42,50,33
IWO,M,,,,,,,,,,,,,,,,,,,,1,,,1,,,,1,,,,,,,1,,,,,1,,,1,2,1,,1,,,,,,,,,2,1,1,1,1,3,,1,4,1,3,8,
KAJETAN,M,,,,,,,,,,,,,,,,,,,,,,1,,1,,1,,,,,1,,,,,,,1,1,1,1,2,2,,2,1,1,4,,3,3,3,3,2,2,2,5,5,2,7,7,11,5,13,15,10,10
TYMOTEUSZ,M,,,,,,,,,,,,,,,,,,,,,,,,,,,,,,1,1,,,2,1,,,4,1,1,,,2,,1,1,1,1,3,3,1,1,3,7,4,4,3,2,7,12,15,9,14,13,12,16,17
ALAN,M,,,,,,,,,,,,,,,,,,,,,,,,,,,,,,,,,,2,,3,2,,,3,1,,1,3,2,1,1,1,,3,2,3,6,2,5,6,12,12,13,10,20,9,20,21,17,26,7
ERYK,M,,,,,,,,,,,,,1,,,2,,,1,1,,,,1,1,3,2,3,4,,2,1,3,,1,4,,,2,1,1,2,4,2,3,4,3,4,9,6,10,11,2,8,6,3,13,14,9,8,4,1,3,3,12,4,3
SLAWOMIR,M,8,9,14,25,22,23,35,31,44,53,45,54,57,66,51,61,67,51,66,69,71,51,46,41,47,46,49,36,36,33,41,23,27,22,27,11,19,11,6,3,3,12,7,4,2,4,1,2,,,,,1,,,,1,,,1,,1,,,1,1,
JAROSLAW,M,,2,2,3,11,9,7,12,16,16,21,30,32,41,40,44,49,43,58,67,54,49,61,61,71,37,64,64,58,49,51,53,38,43,50,54,50,23,27,26,14,21,19,16,10,13,10,8,2,6,4,,2,7,6,2,2,1,2,,1,1,1,,1,,1
EMIL,M,,1,1,,,,1,1,1,1,,,,,,,3,,,,1,,2,1,2,2,4,4,6,3,4,8,8,9,12,6,12,8,10,7,12,10,10,7,5,6,4,6,5,5,1,6,3,4,3,4,4,2,1,2,3,3,4,5,4,3,3
FABIAN,M,,,,,,,,,,,1,,,,,,,1,,,,,,,1,,,,,,,,,,,,,,4,,1,,1,,,,1,,,,,2,,1,3,3,2,4,1,5,7,10,3,3,5,6,3
DAWID,M,,,,,,,,,1,,,,,,,1,,,,,,,,1,,1,5,5,11,6,8,8,10,15,23,25,17,18,19,24,20,23,26,17,16,20,18,19,19,18,27,29,29,28,27,26,36,32,35,36,38,35,31,23,32,31,11
MARCIN,M,1,5,,,1,1,4,,2,,3,4,2,1,2,3,4,7,20,21,42,66,66,91,123,168,204,184,199,207,221,191,203,197,148,146,139,120,100,94,87,87,69,61,67,50,33,35,26,25,25,19,12,10,11,11,14,11,8,12,8,12,3,8,5,10,3
RYSZARD,M,85,94,91,101,89,103,86,84,75,52,43,32,28,24,31,21,19,18,21,11,6,5,12,4,3,1,9,5,4,2,4,2,3,2,1,,2,3,2,,,1,,,1,,,1,1,2,,2,,2,,1,,,1,2,1,1,4,1,5,5,2
KORNEL,M,,,,,,,,,,,,,,,,,,,,,,,,,,,,,1,1,1,1,,,1,,,,,,1,,1,1,,1,,,1,,1,,,,1,1,,1,4,4,4,7,4,4,3,2,5
OLAF,M,,,,,1,,,,,,,,,,,,,,,,1,,,,,,,,,1,,,,,,,,1,,,,,,,2,,1,4,1,3,3,1,8,6,7,4,6,8,4,8,5,8,5,3,5,13,3
KSAWERY,M,,,,,,,1,,,,,,,,,,,,,,,,,,,,1,,,,,,,,,,,,,,1,,,,,,,,,,,,1,2,3,2,1,3,5,6,7,7,15,11,13,10,5
MARIAN,M,66,46,64,47,59,53,42,34,37,32,14,12,14,7,8,10,7,4,3,4,4,2,6,2,1,1,3,1,2,,2,1,,1,,,,,,1,2,,,,,,,,,,,,,,,,,,,,,,,,,,
KACPER,M,,,,,,,,,,,,,,,,,,,,,,,,,1,,2,,1,1,1,1,3,2,,4,4,3,8,5,9,7,12,18,18,20,15,21,33,59,61,62,70,106,82,92,103,96,92,62,71,61,69,81,59,49,29
CZESLAW,M,17,21,20,19,21,14,12,14,3,6,5,6,4,3,2,2,1,3,3,1,1,1,,,,,,,,1,,,,,,,,,,,,,,,,,,,,,,,,,,,,,1,,,,1,,,,
BOGUSLAW,M,8,14,16,21,14,15,22,20,12,11,10,9,16,11,11,3,6,8,8,3,3,1,3,2,1,3,1,2,4,1,,,1,1,,1,,1,1,,,,,,,2,,,,,,,,,,,,,,,1,,1,,,2,1
KAZIMIERZ,M,46,48,44,35,35,35,35,30,40,20,20,22,10,14,8,7,4,7,4,1,5,2,2,3,2,1,3,1,,1,,,2,2,,1,,,1,1,,1,1,,,,2,,,,2,,,,,1,,,1,1,1,1,1,,1,6,
MILAN,M,,,,,,,,,,,,,,,,,,,,,,,,,,,1,,,,,,,,,,,,,,,,,,,,,,,,,,,,,,,,1,,2,2,1,2,5,3,
MAREK,M,51,69,76,81,100,112,114,126,115,106,107,87,94,108,101,97,97,84,80,85,91,89,84,70,68,82,62,63,55,50,48,45,41,45,50,49,39,30,36,24,29,21,20,13,14,17,12,13,3,12,4,9,6,5,5,2,4,7,4,4,8,2,7,4,6,2,4
MIROSLAW,M,14,13,22,27,34,37,63,73,74,82,74,82,64,82,71,71,45,52,51,49,27,25,29,23,32,26,33,15,21,16,14,15,12,14,8,4,6,3,6,1,5,2,1,1,1,,1,,3,1,,1,,,,,,,,,1,1,,,2,,1
IGOR,M,,,,,,,,,,,,,,2,1,1,,2,1,1,,1,2,,3,1,1,2,4,1,2,3,1,1,1,5,1,1,1,3,5,5,11,6,4,8,5,4,7,5,8,13,10,13,24,24,35,34,26,34,30,42,42,19,23,30,14
MAKSYMILIAN,M,,,,,,,,,,,,,,,,1,1,1,,,,,1,1,,1,,,1,,2,1,1,2,2,3,,4,2,3,1,4,3,1,1,5,,4,2,8,3,4,11,15,18,11,15,18,20,26,25,19,23,23,36,30,22
MACIEJ,M,2,4,5,4,3,10,4,10,8,10,3,6,10,12,6,18,10,6,15,11,26,14,28,23,22,29,42,30,39,46,51,54,58,69,82,65,50,58,59,63,62,63,44,62,51,55,46,52,42,41,41,41,41,52,45,41,43,40,44,54,40,24,28,25,14,22,12
RAFAL,M,,,,,1,1,1,1,2,1,,,,2,,3,3,3,5,7,7,18,23,32,42,96,76,92,88,78,103,86,88,107,127,91,68,69,100,63,67,84,36,43,46,31,33,32,33,27,25,20,17,16,12,13,17,11,11,13,8,10,15,8,7,6,3
MILOSZ,M,,,,,,,,,,1,,1,,,,,1,,,,,1,1,,1,2,,3,1,2,4,1,5,,4,3,,1,6,4,1,1,2,2,4,3,4,2,4,3,4,5,12,6,5,7,7,12,12,17,11,15,14,24,20,14,15
BOHDAN,M,2,,5,1,2,,1,,,,,,,,,,1,,1,,2,1,,,,,,,,,1,,,,,,1,,,,,,,,,,,,,,,,,,,,,,,,,1,,,,,
WOJCIECH,M,28,24,30,34,33,26,33,46,36,40,32,32,31,48,35,40,41,30,38,33,40,46,50,48,41,43,52,51,39,64,53,62,48,34,46,48,35,40,31,36,19,32,26,21,26,21,29,27,37,19,19,16,28,17,14,17,25,20,22,24,42,37,52,55,48,44,32
BARTOSZ,M,1,1,,,,,,,,,,,,2,,2,1,1,1,3,4,2,9,4,13,9,16,16,20,17,20,23,25,28,39,31,36,24,18,30,22,23,29,30,30,25,19,34,28,30,30,16,24,21,28,24,42,43,41,61,38,46,27,17,22,21,14
PAWEL,M,4,5,12,4,9,5,6,12,11,9,8,9,10,17,20,27,29,41,58,42,60,89,73,124,153,139,164,167,198,201,246,208,227,245,215,199,185,178,148,152,129,127,100,94,89,69,70,53,46,47,53,41,30,31,34,39,33,33,35,30,32,16,22,18,13,14,10
EUGENIUSZ,M,28,23,21,22,14,15,12,9,9,4,6,7,5,3,2,2,2,3,1,,2,2,,,1,1,,,,,1,,,,,,1,,,,,,,,,,,,,,,,,,,,,,,,,,,,,,
KRZYSZTOF,M,46,55,76,72,91,131,145,169,136,140,164,132,125,128,95,96,108,103,100,100,100,114,120,97,131,88,121,107,96,149,110,108,115,118,101,109,69,71,65,62,49,50,54,58,44,17,41,27,28,30,25,27,21,23,29,25,32,33,26,34,30,37,28,30,30,27,14
KAMIL,M,,,,,,,,,,,,,,1,,1,,,1,1,,3,1,2,5,9,2,14,26,23,27,32,53,108,114,102,112,112,108,97,94,88,66,65,53,66,65,59,51,45,48,28,36,24,25,24,30,17,23,28,18,18,17,11,13,12,4
MARCEL,M,,,,,,,,,,,,,,,,,,,,,,,,,,,,,,,,,2,,,2,,,1,1,2,,,,1,2,1,1,1,,4,3,8,7,7,8,11,10,26,29,24,18,21,32,31,37,16
ALEXANDER,M,,,,,,,,,,,,,,,,,,,,,,,,,,,,1,,,,,,,,,,,,,1,,,,1,,2,,1,,2,2,,,1,2,1,2,,4,4,9,1,6,2,2,1
ARKADIUSZ,M,,4,,,,2,3,2,7,2,5,7,9,11,6,12,7,13,14,24,17,24,28,41,47,39,42,33,46,37,39,32,36,32,29,33,31,27,17,22,21,17,21,19,18,18,15,27,14,18,8,12,4,2,6,5,4,9,3,8,1,1,4,4,5,2,
MIESZKO,M,,,,,,,,,,,,,,,,,,,,,,,,,,,,,,,,,,,,,,1,,1,1,,1,,,,,1,1,,,1,1,2,,1,,2,,1,4,,2,2,5,1,2
ADAM,M,28,36,43,31,37,39,36,43,35,30,30,29,38,29,30,36,43,40,48,51,53,54,46,49,60,54,50,48,40,37,41,51,40,39,47,50,40,23,27,26,25,41,21,36,29,18,22,26,22,24,20,19,20,22,27,25,29,37,38,59,45,49,55,42,71,54,36
BRONISLAW,M,2,3,2,2,3,3,1,,1,,,,,,,,,,1,,,,,,,,,,,,,,,,,,,,,,,,,,,,,,,,,,,,,,,,,,1,,,,,,
DOMINIK,M,,1,,,1,,,,,,,,,,,,,,,1,1,1,2,5,12,5,4,9,10,17,9,22,20,8,18,16,12,13,7,10,9,21,18,8,12,10,14,19,30,12,15,17,11,27,15,24,20,16,21,22,14,21,19,13,27,16,13
WIESLAW,M,51,37,59,51,48,63,54,58,66,49,45,25,29,27,20,19,8,17,14,7,5,4,4,6,6,6,1,,1,2,,3,,,,2,,,,,,,,,,,,,,,,,,,,,,,,,,,,,,,
NATAN,M,,,,,,,,,,,,,,,,,,,,,,,,,,,,,,,,,,,,,,,,,,,1,,,,,,1,2,,,1,5,,1,,4,3,2,4,3,5,3,13,11,14
OLIVIER,M,,,,,,,,,,,,,,,,,,,,,,,,,,,,,,,,,,,,,,,,,,,,,,,,,,,,,,,,1,,1,2,5,3,5,1,2,4,3,3
OSKAR,M,,,,,,,,,,,,,,,,,,,,,,,,,,,,1,,,1,,,1,,,1,2,,1,2,3,,3,4,6,8,5,9,7,6,11,8,24,17,19,28,31,24,36,31,23,17,32,24,20,20
ARTUR,M,2,2,,2,3,4,4,11,16,17,18,24,30,37,35,45,63,56,76,81,77,65,79,93,95,93,78,74,66,54,62,41,37,40,34,46,41,32,20,27,22,25,16,16,14,8,9,9,8,9,10,9,3,5,6,4,6,3,7,9,7,2,3,5,8,7,3
FRANCISZEK,M,7,9,4,4,,3,5,5,3,,,,,,1,1,,,1,,1,1,,1,,1,,,1,1,1,1,,,1,,,,2,2,1,,,1,4,1,1,,2,5,3,6,3,8,8,9,17,15,12,31,31,35,39,51,66,48,42
MIECZYSLAW,M,40,35,34,41,30,22,18,22,16,13,6,9,3,4,8,8,5,4,2,2,1,1,2,,1,,1,3,,1,1,,,,,,,,,,,,,,,,,,,,,,,,,,,,,,,,1,,,,
MAKSYM,M,,,,,,,,,,,,,,,,,,,,,,,,,,1,,,1,,1,1,,,,,,3,,1,,,,,,,,,,,1,,,2,,6,1,4,,2,,2,3,,1,1,
BORYS,M,,,1,,,,,,,,,,,,,,,,,,,,1,,,,,,1,1,,,,,,,,,1,,1,,,,,,,2,,,2,,1,,1,,3,4,2,7,6,6,2,5,5,3,3
DAMIAN,M,,,,,,,,,1,,,,1,,,,,1,,1,1,,1,2,1,3,3,7,7,8,3,12,18,17,19,26,38,38,32,43,48,50,33,45,56,52,33,44,50,34,26,17,21,24,21,16,13,17,13,20,11,10,11,8,7,6,5
CEZARY,M,2,3,,4,2,6,3,4,10,10,12,12,28,13,12,21,12,13,18,12,9,9,15,6,3,6,9,6,8,8,9,8,13,10,5,9,10,13,4,5,10,6,5,13,7,12,13,14,10,10,8,6,,6,4,9,6,1,4,9,4,6,7,1,4,7,1
FILIP,M,,,,,,,,,,,,,,,,,,,,,1,,,1,2,2,1,1,5,1,3,4,5,3,6,10,4,5,2,7,10,8,9,12,8,15,13,12,6,17,18,16,19,27,31,38,32,30,53,52,68,62,44,53,53,44,27
KUBA,M,,,,,,,,,,,,,,,,,1,,,,,,,,,,,,,,,,,,,,,,,,,,,,1,,,,,,,,,6,8,5,8,10,14,11,15,9,10,13,9,5,
MARIUSZ,M,,,,2,3,6,8,14,13,18,16,24,12,33,35,31,28,28,41,71,94,100,133,146,147,148,118,104,88,81,69,67,51,52,48,38,26,33,25,25,20,12,11,6,7,7,3,5,6,4,3,1,3,3,1,,,3,1,,1,,,,1,1,
STANISLAW,M,117,111,95,113,96,96,79,81,63,38,54,42,38,33,22,13,21,15,7,8,15,7,7,10,6,6,4,2,3,2,7,10,2,5,3,3,3,3,6,3,4,2,1,4,1,3,2,1,2,3,5,2,5,8,7,13,12,9,10,12,16,24,17,30,20,33,27
ADRIAN,M,,,,,,,,,,,,,,,,,,,,1,,,2,,5,5,1,3,2,4,9,7,15,12,15,19,30,34,43,31,37,37,47,36,35,29,25,29,40,33,30,23,15,27,22,17,23,26,26,16,16,18,12,12,8,21,6
GRZEGORZ,M,9,19,26,22,32,29,26,27,39,30,44,37,29,53,53,69,67,71,82,79,96,109,135,124,138,158,144,133,103,122,117,132,129,142,108,112,103,60,59,63,51,45,48,39,29,20,11,21,20,18,13,8,15,6,7,6,12,6,7,8,7,6,7,6,6,4,1
SEBASTIAN,M,,,,,,,,,,,,,,,,,,,,1,7,,9,8,23,34,33,42,42,50,46,42,59,37,37,35,36,26,30,33,27,23,30,34,29,30,26,31,30,21,23,16,16,14,18,15,16,21,16,17,16,12,21,21,18,8,2
NATANIEL,M,,,,,,,,,,,,,,,,,,,,,,,,,,,,,,,,,,,,,,,,,,,,,,,,,,,,,,,1,1,1,3,2,2,3,5,7,5,3,2,
SYLWESTER,M,,2,2,2,4,4,2,7,3,2,3,3,5,3,2,5,6,4,6,7,11,12,11,10,20,22,14,9,19,10,18,12,18,12,9,10,4,10,5,6,5,5,4,5,6,3,,4,3,,3,2,1,,1,4,1,,,2,,,,1,2,2,2
JAN,M,102,101,85,87,80,67,72,47,60,60,47,29,30,19,18,16,17,13,8,7,5,8,2,5,2,1,4,4,7,5,8,5,6,17,7,9,13,12,14,10,14,16,13,10,17,16,14,29,24,29,19,26,22,30,30,44,25,32,30,48,55,58,58,56,82,89,44
BRUNO,M,,,,,,,,,,,,,,,,,,,,,,,,,,,,,,,,,,,,,,,,1,,1,,,,,,,,,,2,2,,,,1,3,4,4,4,5,6,3,6,5,7
OLIWIER,M,,,,,,,,,,,,,,,,,,,,,,1,,,,,,,,,,,,,,,,,,,,,1,,,,3,,1,,,7,3,6,20,17,20,22,19,23,23,15,14,19,9,13,5
PATRYK,M,,,,,,,,,,,,,,,,,,,,,,,,,2,3,2,6,9,6,9,16,19,19,14,17,7,20,22,19,30,41,44,44,48,52,45,50,57,46,45,48,30,34,24,20,25,25,25,23,18,18,26,14,6,12,9
JANINA,K,82,64,60,56,54,40,50,38,31,15,17,14,11,6,7,4,3,6,1,2,3,1,1,,2,,1,,,,1,1,,,1,,2,,,,,,,,,,,,,,,,1,,1,,,1,,,,1,2,,1,3,1
BRONISLAWA,K,2,1,2,3,1,1,1,,2,2,,,,,,,,,,,,,,,,,,,,,,,,,,,,,,,,,,,,,,,,,,,,,,,,,,,,,,,,,
MAGDALENA,K,1,3,4,2,7,3,9,7,11,13,9,11,16,20,7,17,12,21,33,34,32,51,78,86,111,120,148,187,193,205,227,194,229,219,197,202,162,183,166,144,116,117,88,81,88,63,62,62,50,44,45,34,25,24,27,30,32,28,29,30,26,18,16,13,14,16,14
KAROLINA,K,,,,,,,,,1,,,,,,,,,1,,1,,1,1,,5,3,6,9,17,37,52,71,70,84,113,96,113,108,97,106,93,85,75,91,93,88,79,90,70,74,64,58,36,48,26,45,48,39,26,28,31,25,35,18,27,19,7
MATYLDA,K,1,,2,,,,,,,,1,,,,,,,,,,,,1,,,,1,,,1,,,1,,,,,,,,,,,1,,,,1,2,1,2,1,3,3,1,2,,4,3,3,3,6,6,4,3,5,4
JULIA,K,3,4,1,1,1,1,,1,,,,,,,,,,,,,1,,,,,,,,1,3,6,1,3,5,5,3,4,1,2,2,7,9,7,10,11,8,18,31,26,74,88,116,82,86,103,114,109,107,138,127,129,128,96,61,63,80,44
CELINA,K,6,3,6,,2,3,7,4,4,2,3,1,,2,,,,,,,1,2,3,1,1,1,,1,,1,,,,,1,1,,,,1,1,,1,,,,,,,1,,,1,,,,,,,,,,,,,1,1
WIOLETTA,K,,,,,1,,1,,,,,,4,1,5,6,3,7,3,6,7,12,8,13,29,18,20,24,29,25,23,6,7,1,1,,1,,5,14,11,17,8,11,7,7,6,4,2,7,,,1,,1,2,2,1,,,1,,,,,1,
ANIELA,K,3,3,4,2,1,1,2,3,,1,1,2,1,,,1,,1,1,,,,,1,,,,,,,,1,,,,,,,1,,,,2,1,,1,,,,3,1,1,1,3,1,1,2,4,5,5,3,5,12,13,10,14,11
CECYLIA,K,6,2,1,2,1,1,2,1,3,4,2,,2,,,,1,,2,,1,,,,,,,1,1,,1,,1,,1,,,,,,,,,1,,,,,,1,,1,,,,,1,,,1,,,,,,,
INGA,K,,,,,,,,1,,,,,,,,,,,,1,2,1,,2,1,2,2,2,2,,,,,,1,2,,2,,,,3,1,,,3,1,2,2,1,1,1,1,2,3,3,4,1,,1,,5,,2,4,4,1
OLIWIA,K,,,,,,,,,,,,,,,,,,,,,,1,,,,,,1,1,1,1,,1,,2,2,2,2,2,1,4,,,3,1,2,2,6,23,17,23,30,39,48,60,52,61,57,76,59,45,54,41,27,30,38,21
KARINA,K,1,,,,,,,,,,,,,,,,,,,,2,1,,1,3,2,2,2,4,1,3,5,4,1,2,,3,2,2,3,4,2,2,3,,1,2,2,3,,,2,2,1,4,1,2,2,2,3,1,4,1,5,3,3,1
DOROTA,K,6,1,1,5,4,12,22,14,7,14,24,34,34,54,63,56,74,86,101,97,85,106,95,91,95,92,101,93,71,84,70,85,90,88,83,64,53,65,48,38,30,27,16,28,22,9,13,11,9,7,8,5,2,7,6,3,1,2,2,8,1,3,6,4,7,4,2
DIANA,K,,,,,,,,,,,,,1,,2,,,,,,1,,2,,1,,1,3,4,1,10,3,3,10,4,6,12,5,6,7,6,6,3,3,3,2,5,3,3,2,,2,,1,,,1,1,2,,,3,1,3,1,2,6
DANIELA,K,,2,,3,,,2,2,,,2,1,,,,1,,,,,,,,,,,,,,,,,1,,,,1,,,,,,2,,1,,,1,,,,1,,,,,1,,,,,1,,1,,,
ALFREDA,K,,5,5,6,1,5,1,3,1,1,3,,,,,,,,,1,1,,,,1,,,,,,,,,,,,,,,,,,,,,,,,,,,,,,,,,,,,,,,,,,
NADIA,K,,,,,,,,,,,,,,,,,,,,,,1,,,,,,,,,,,,,,,,,,,,,3,,1,,,,,1,1,1,2,2,2,8,3,6,11,19,9,12,21,8,15,20,10
NATALIA,K,1,,,1,2,1,1,,,1,1,,,,3,,2,,1,1,,,3,2,7,2,3,3,2,3,6,7,11,10,14,28,39,41,40,35,38,45,46,41,35,38,45,63,64,80,87,92,82,72,76,79,80,83,84,67,66,64,62,61,71,52,46
GABRIELA,K,8,2,1,5,1,1,3,5,2,3,,1,4,1,4,3,1,1,2,1,1,5,1,1,4,2,2,3,1,1,2,3,8,6,3,4,1,1,5,2,7,4,6,8,7,5,13,17,23,22,27,25,30,28,35,25,31,29,38,24,39,40,44,30,37,36,26
AMANDA,K,,,,,,,,,,,,,,,,,,,,,,,,,,,,,,,1,1,,,1,,,,,,,2,5,2,1,3,3,,2,2,2,1,1,1,,1,1,1,3,1,1,2,2,1,1,,3
ANNA,K,154,159,180,187,199,210,207,220,161,191,183,157,151,163,197,166,167,171,187,177,216,236,206,232,258,233,236,239,246,299,292,328,280,333,283,250,237,188,152,135,129,117,98,84,72,71,64,53,44,44,28,35,22,28,26,39,28,38,38,38,25,37,25,40,38,28,30
JOANNA,K,30,25,23,33,40,41,49,39,43,55,45,42,52,58,59,54,62,55,52,65,66,57,72,78,86,109,102,106,88,94,99,100,116,117,119,102,108,74,76,96,64,71,52,41,44,35,21,25,20,19,12,19,16,12,10,14,17,9,16,16,17,18,18,11,12,15,11
LIDIA,K,5,10,13,15,7,14,25,23,24,14,25,17,21,9,8,10,9,6,12,11,10,10,9,6,7,13,5,5,6,11,7,12,3,6,2,4,7,5,3,1,1,1,,3,1,,1,1,2,1,1,3,,6,1,1,1,2,,4,3,4,5,1,4,5,2
BOZENNA,K,31,35,43,52,54,65,64,15,1,2,2,1,,,,,,,,,,,,,,,,,,,,,,,,,,,,,,,,,,,,,,,,,,,,,,,,,,,,,,,
ALINA,K,48,29,31,25,27,46,44,30,39,32,27,18,24,22,18,20,6,8,8,10,5,10,5,3,3,5,2,2,2,1,1,4,1,,2,1,1,,1,,1,2,1,,,2,1,,,,,,,,,1,,2,,2,,,2,,1,,
AURELIA,K,1,,2,1,1,,1,,,,1,1,,1,,,,,,,,,,,,,,,,,,,,,,,1,,,,,,,,,,,,,,,,,,,,1,,,1,1,1,,3,,7,3
SYLWIA,K,,,1,3,1,1,,1,1,4,1,1,1,,,6,2,4,2,5,6,18,32,32,43,44,54,88,85,73,75,64,60,48,51,56,61,52,51,40,37,38,39,34,19,31,18,20,21,13,5,9,4,2,2,2,1,3,3,1,2,1,2,,,,
KINGA,K,,,2,,,1,1,,,1,,,2,1,2,,2,3,2,,8,8,7,13,11,25,19,19,24,22,25,17,16,28,27,23,26,19,17,23,35,22,18,22,32,32,30,24,18,14,17,22,9,18,29,29,23,40,19,14,14,21,9,7,10,10,5
ANASTAZJA,K,1,1,,,2,,,1,,,,,,,,,,,,,,2,,,,,,,,,,1,1,,,,2,1,,1,1,2,1,4,,,1,,4,2,1,,3,2,1,1,2,7,1,6,3,4,3,6,13,10,7
HELENA,K,36,37,39,26,21,14,23,15,13,9,9,4,5,4,2,5,,1,,2,1,,3,,1,,2,,,,1,1,,,,,1,2,2,1,1,,1,,,1,1,,,,,1,1,1,2,5,2,5,5,11,11,11,15,11,15,24,15
ZUZANNA,K,3,2,7,1,,2,3,4,3,2,2,1,1,1,1,2,,1,1,2,1,,,1,1,1,,1,2,,1,2,,1,3,3,4,3,2,4,5,4,8,10,8,10,11,26,19,19,17,30,31,42,41,42,56,53,68,76,79,69,52,91,76,79,46
MILENA,K,,,,,,,,,,,,,,,,,,1,,1,,,,1,,2,4,1,2,3,3,3,6,9,12,13,10,13,10,15,9,8,8,8,9,13,10,4,6,9,6,7,10,7,5,14,12,21,13,10,25,22,21,19,21,15,9
WANDA,K,36,35,30,30,40,19,17,22,11,17,13,7,7,5,6,1,5,1,4,,2,1,4,1,1,,,,,,1,,,1,,,1,,,,,,,,,,,,,,,,,,,,,,1,,,,,2,1,2,2
PAULINA,K,,,,1,,,,,,,,1,,,,,,,,1,1,1,1,1,1,1,3,3,8,13,21,20,28,33,41,45,96,80,92,74,95,87,78,84,73,64,59,60,56,48,41,25,30,26,27,25,19,15,18,20,15,16,16,9,7,5,3
SANDRA,K,,,,,,,,,,,,1,,,,,,,,,,,,1,,,,,,,,,,1,,2,5,4,8,1,7,3,3,4,3,2,6,7,6,7,6,12,16,6,9,7,7,9,9,6,12,9,12,2,3,6,2
REGINA,K,16,13,13,8,9,15,4,10,10,11,8,8,1,2,3,5,6,2,3,1,2,2,3,,1,1,1,,,1,1,1,,,,1,,,,,1,,,,,,,,,,,,,,1,,,,,,,,,,,,
PAULA,K,,,,,,,,,,,1,,,,,,,,,,,,,1,,,,2,1,,,,2,1,2,1,2,6,1,4,2,15,7,5,5,3,5,4,3,2,2,2,2,1,1,3,1,1,,,,2,1,,1,,
BOGUMILA,K,11,20,13,15,19,19,11,18,13,16,9,11,13,10,6,6,4,4,3,5,1,1,4,1,2,,2,1,2,2,,3,2,1,1,2,,1,,2,2,,1,,,,1,,1,,,,,,1,1,,,,,1,,,,,1,
KALINA,K,,,,,,,,,,,,,,,,,,,,,,,1,,,,,1,,,,1,1,,,,,,1,,,,,,,,1,,1,1,,1,1,1,,2,2,1,1,6,3,3,5,6,7,4,4
ILONA,K,,,,,,,1,2,1,,1,3,,,,,3,1,4,7,3,5,5,6,7,3,7,5,7,9,7,5,7,12,22,21,27,14,14,13,7,9,6,11,4,3,5,6,6,1,,1,,,,1,,,,2,,,,,,,
TERESA,K,185,179,187,180,172,167,156,136,102,87,79,73,59,41,50,37,20,26,21,16,11,14,9,8,16,7,7,1,6,9,7,,3,5,3,2,2,,1,,1,1,2,1,,,,,1,1,1,1,,1,,,1,,,,,1,1,,3,,1
MALGORZATA,K,18,24,37,56,59,82,78,87,112,129,146,183,202,197,198,182,161,187,155,152,150,143,151,199,199,148,157,145,137,134,133,141,152,143,174,133,100,81,74,71,74,50,48,42,29,30,24,26,19,19,17,18,23,25,29,22,18,26,18,12,11,23,15,10,13,12,6
IZABELLA,K,5,3,10,7,8,7,3,12,8,5,3,13,2,1,,1,,1,2,1,2,2,3,2,2,3,1,,1,,4,1,1,1,1,,,,,1,,1,,,,2,2,2,2,2,4,1,,1,1,,1,2,1,1,1,1,,4,,2,
ROKSANA,K,,,,,,,,,,,,,,,,,,,,,,,,,,,2,,1,,,1,1,1,1,,,1,1,1,1,5,2,4,2,1,1,1,1,1,1,,1,4,6,4,1,9,5,8,2,2,1,3,2,,
DOMINIKA,K,1,,,,,,,,,,,1,,,,,1,,1,1,,1,1,2,2,5,4,7,17,19,23,31,30,18,24,31,24,18,25,27,21,23,35,43,48,35,29,33,39,31,35,24,32,24,18,17,24,23,20,16,14,13,9,13,12,5,4
ADA,K,,,,,1,,,,,1,,,1,,,,,,,,,,,1,,,,,,1,,,,,,1,1,1,,1,,,2,3,3,1,1,2,1,5,2,,2,1,4,2,4,2,2,1,2,4,4,5,3,5,4
KATARZYNA,K,4,3,5,7,2,4,1,8,9,5,4,17,22,23,41,40,47,48,59,77,63,94,91,124,130,155,193,184,223,229,225,267,294,256,231,245,225,212,225,183,181,135,139,113,110,88,86,72,58,53,45,46,35,34,24,29,23,20,24,19,13,15,9,15,11,11,7
ROZA,K,1,2,4,4,4,3,,3,6,4,2,3,2,1,1,1,3,1,,,,5,1,,1,1,1,,1,2,2,1,3,2,4,,1,1,,1,1,1,,3,1,,,1,,,2,3,1,,1,2,3,2,3,5,5,2,5,8,10,7,5
KRYSTYNA,K,163,190,175,168,166,141,122,128,91,93,50,55,46,49,27,25,21,19,15,12,11,13,6,10,3,3,2,4,2,2,4,1,3,,2,1,3,2,1,3,2,2,2,,1,1,1,1,2,,,1,1,,,1,,,1,1,,,1,2,,,
ADRIANNA,K,,,,,,,,,,,,,,,,,,,2,,,1,,1,1,1,3,1,1,1,2,,1,,,,,,,2,1,,1,12,17,28,31,22,20,9,9,6,9,2,5,4,3,2,3,6,5,7,6,4,11,3,3
LILIANA,K,,,,,1,1,4,6,4,6,3,9,3,2,3,10,2,1,,,2,1,,1,2,1,1,1,3,1,,,1,,3,1,3,2,,,,1,,,1,1,,,,,,1,2,,1,1,,3,5,6,8,5,11,14,22,28,17
ADELA,K,2,3,3,2,2,2,1,2,,1,,,,1,,,,,,,,,,,1,,1,,,,,,,,,,,,,1,,,,,,,,,,1,,1,,,,,,,,3,,,,,3,1,
MICHALINA,K,2,2,2,2,,,,,1,,,1,,,,,,,,,,1,,,,,,1,1,,,2,,1,1,2,2,3,3,1,2,2,1,3,2,1,6,5,5,4,5,1,4,4,3,3,,5,10,17,10,19,10,12,16,15,15
AMELIA,K,1,1,,,,,,,,,,,,2,,,,1,,,,,,,,1,,,1,1,1,1,2,2,2,1,1,1,1,1,2,1,2,3,,,2,,3,4,,,23,22,29,38,39,62,59,70,56,46,45,40,46,54,31
TEODOZJA,K,1,2,4,5,4,2,3,1,,1,,2,1,2,,,,2,,,,,,,,,,,,,,1,,,,,,,,,,,,,,,,,,,,,,,,,,,,,,,,,,,
ZENONA,K,2,2,,,3,3,7,1,1,1,,,,,,,,,,,,,,,,,,,,,,,,,,,,,,,,,,,,,,,,,,,,,,,,,,,,,,,,,
LAURA,K,,,,,1,,1,,1,,,2,,,2,,1,,1,1,,,1,2,,,,,,,,1,,,,,,,,,,3,,2,2,2,4,4,1,9,2,9,5,8,5,7,9,17,17,18,15,22,38,16,27,29,18
LUIZA,K,,,,,,,,,1,,,2,1,,1,1,1,1,1,2,2,1,,3,6,3,3,5,3,7,4,4,2,2,4,5,3,3,1,5,2,3,3,5,1,,5,1,1,,1,3,,,2,1,1,1,,,2,1,,,2,1,2
HALINA,K,124,127,128,124,118,115,90,99,85,64,64,44,42,31,24,16,24,20,8,11,11,7,5,1,5,4,2,2,1,4,2,,1,1,1,1,,1,,,,,,,,,,,,,,,,,,,,,,,,1,,,2,,
MAGDA,K,,,,,,,,,,,,,,,,,,,,1,,,1,1,,1,1,4,,,2,8,22,14,7,10,6,12,11,10,12,11,13,7,9,8,7,5,4,5,5,3,2,2,1,1,3,5,,3,1,1,,,1,3,
BLANKA,K,,,,,,,,,,,,,,,1,1,1,1,,,1,1,1,1,1,1,2,3,1,,2,,1,2,,1,,1,,,,,,1,,1,,4,,2,,1,1,2,,1,4,5,5,8,7,12,6,6,8,13,4
MARIOLA,K,,,2,,1,2,2,7,9,14,18,24,23,25,27,28,23,19,17,14,11,12,6,7,12,12,6,11,4,5,8,9,5,12,7,4,6,4,3,6,2,8,2,4,,1,1,,,,2,,1,,,,,,1,,,,,,,1,
BOGUSLAWA,K,7,10,9,10,7,7,3,19,6,5,7,1,6,5,5,2,4,3,,,1,3,2,1,1,1,1,1,1,,1,,,,,,,,,,,,,,,,,,,,,,,,,,,,,,,,,,,,
WACLAWA,K,1,1,2,1,1,1,1,1,,1,,,,,,,1,,,,,,,,,,,,,,,,,,,,,,,,,,,,,,,,,,,,,,,,,,,,,,,,,,
DARIA,K,,,1,,1,,,,,,,,,,,,,1,1,,1,2,,2,2,2,4,2,,2,3,2,4,4,3,1,5,2,6,4,3,3,6,7,2,6,5,5,5,4,12,8,15,6,8,10,9,15,13,14,18,12,5,3,4,5,3
SARA,K,,,,,,,,,,,,,,,,,,,,,,,,,,,,1,,,1,,1,,1,,,,2,1,,2,2,3,5,6,5,1,7,,3,4,1,2,3,1,2,3,6,3,,4,3,4,2,4,5
JOWITA,K,,,,,,,,,,,,,,,,,,,,,,1,,3,1,,4,3,1,5,2,1,3,2,1,2,4,1,2,,2,1,,3,1,,,1,,2,1,,,1,1,1,1,1,,1,,2,1,2,,1,
EDYTA,K,,,,,,,1,1,1,,,,,1,3,2,12,8,19,35,39,49,51,59,48,59,47,49,56,57,37,36,49,46,34,35,32,27,27,16,14,15,12,11,6,8,8,4,8,5,3,5,,1,2,,,1,1,,2,,1,1,,2,
WERONIKA,K,2,4,2,2,,2,1,4,,,1,,2,,,,,1,,,,,,1,,,,1,1,2,4,6,3,6,20,12,16,18,20,20,19,17,24,24,27,25,36,48,47,71,83,80,58,47,44,57,46,51,49,36,30,26,22,23,20,17,9
STEFANIA,K,9,8,6,5,6,2,6,,1,,1,,1,,,,1,,,,,,,,1,,,,,,,,,,,,,,,,,,,,,,,1,,,,,,,,,,,,,,,1,5,,1,
JOZEFA,K,13,4,11,6,2,6,2,3,1,2,2,1,1,,1,,,,1,,,,1,,,1,,,,,,,,,,,,,,,,,,,,,,,,,,,,,,,,,,,,,,,,,
IGA,K,,,,,,,,,,,,,,,,,,,1,,,,1,,,,,2,1,,1,4,1,6,4,4,6,6,8,4,6,7,7,4,21,7,9,6,8,7,12,7,12,11,12,15,17,18,13,21,16,17,16,18,19,31,19
JUDYTA,K,,,,,,,,,,,,,,,,,,,,,,,,,,1,1,1,2,,2,,,,,,9,5,1,2,,,1,1,1,,,1,,1,1,,,,1,,1,3,3,,1,3,1,,,1,1
KLARA,K,,,1,1,1,,,,,,,,,,,,,,,,,1,,,,,,,,,,,1,,1,1,,1,,1,1,,2,1,1,1,5,1,2,,3,1,1,2,,5,5,1,5,4,8,6,14,8,14,14,11
MALWINA,K,,,,,,,,1,,,,,,,,,1,,,,,,1,,,,,1,1,,1,,1,2,1,17,8,8,3,6,4,3,1,2,3,2,3,3,2,1,1,,,,2,1,9,,3,4,2,3,1,4,2,6,1
ANETTA,K,,,,,,,,1,,,,,1,,,1,2,,4,,1,5,3,4,1,3,,1,,1,,1,,,,,,,,,,,,,,,,,,,,,,,,,,,,,,,,,,,
ROZALIA,K,,1,1,5,,,1,1,,,,1,,,,,,,,,,,,,,,,,,,,,,,,,,,,,,,,1,,,1,,,,,1,1,2,2,1,,1,1,,2,4,4,4,2,3,1
EWA,K,89,116,122,129,136,134,132,154,152,162,163,148,153,138,123,124,137,106,106,104,110,120,107,99,128,101,92,74,83,80,60,63,62,68,53,58,50,32,30,20,29,25,28,19,12,14,11,10,12,8,7,9,4,8,5,7,4,10,5,7,16,6,10,7,13,10,2
HONORATA,K,2,1,,,,3,,2,,,,,,,,1,,,,1,1,,,1,1,2,1,1,2,,2,,1,2,3,3,1,1,1,2,1,1,,1,,,1,,1,2,,2,,,1,2,,1,,,,,,,1,1,
OLGA,K,,1,,1,,2,2,1,,,,2,2,1,1,1,2,,1,2,2,1,3,2,1,2,4,1,4,6,10,18,5,14,14,22,21,31,33,32,29,21,19,23,17,11,11,13,6,9,9,10,9,14,10,14,9,10,8,11,9,11,10,8,7,6,2
ZDZISLAWA,K,5,6,7,13,2,8,1,4,3,3,8,3,1,3,,2,1,1,2,1,,,,,,,,,1,,,1,,,,,,,,,,,,,,,,,,,,,,,,,,,,,,,,,,,
CZESLAWA,K,17,10,13,11,9,8,7,3,6,1,,,1,,1,1,,,,,,,1,,,1,,,,,,,,,,,,,,,,,,,,,,,,,,,,,,,,,,,,,,,,,
MARLENA,K,,,,1,,,,,2,,2,2,,1,,2,1,1,1,2,1,,2,4,7,9,5,8,5,3,8,5,6,10,12,11,10,7,9,14,15,8,11,7,7,9,5,2,3,4,2,,,,2,2,,,2,4,,,3,1,1,,
NINA,K,,,2,,1,,,,,1,2,2,2,2,1,,,,,2,1,,2,2,,5,,3,,5,7,3,4,2,4,6,5,4,2,6,3,3,1,3,2,2,4,1,2,2,4,5,1,8,,11,4,9,9,14,14,19,21,10,15,16,4
ANGELIKA,K,,,,,,,,,,,,,,,,,,,1,,,1,1,3,6,3,4,3,2,9,6,10,7,13,12,13,7,14,7,14,17,18,24,12,27,21,17,18,15,15,8,4,6,11,4,7,1,3,,4,3,1,1,5,1,,
FRANCISZKA,K,3,1,,1,,1,,1,,,1,,,,,,,,,,,,,,,,,,,1,,,,,,,,,,,1,,,,,1,,,,,,,,,1,,,,,,1,,1,,,3,
IWONA,K,,7,5,2,5,4,9,25,29,37,42,32,53,52,88,88,81,79,104,77,85,85,111,108,90,81,76,64,78,58,66,49,49,57,50,49,45,31,25,35,22,13,11,11,8,5,3,2,7,,2,1,2,,,,1,2,2,2,,,,,,,
NELA,K,,,,,,,,,,,,,,,,,,,2,,,,,,,,,1,,,1,,,,,,,,,,,,,,1,,1,,,,,,,,1,1,2,5,3,1,3,1,2,3,5,14,10
BEATA,K,4,3,,6,9,9,11,12,31,32,36,62,59,74,112,105,128,155,144,148,185,140,128,116,107,85,84,83,65,74,67,40,51,52,42,46,38,24,27,39,26,18,16,12,15,9,9,9,3,4,3,3,4,,,3,,1,2,3,1,2,,,,,1
LEOKADIA,K,9,8,8,7,9,6,3,1,2,2,1,1,,,,,,,,,,,,,,,,,,,,,,,,,1,,,,,,,,,,,,,,,,,,,,,,,,,,,,,,
WIKTORIA,K,1,,1,1,,1,,,1,,,,,,,,,,,1,,,,,,1,,1,,,,2,,,,,2,,3,1,1,2,5,6,5,10,15,27,25,42,62,81,81,76,82,67,81,66,72,76,45,51,52,46,52,47,41
ELIZA,K,5,5,1,6,4,1,3,3,5,3,,4,4,6,,,5,,,1,3,5,5,4,6,10,9,13,6,9,5,9,9,9,7,6,10,8,6,12,2,3,3,4,1,4,3,4,6,5,5,4,2,4,2,1,2,3,5,2,3,3,3,3,1,4,3
ALDONA,K,,,1,1,1,1,1,2,2,1,3,2,2,1,4,2,5,2,1,2,3,1,6,,3,1,4,4,3,5,4,4,7,6,3,,3,,3,,,,1,,,1,1,,,,,,,,,,,,,,,,,,,,
ELWIRA,K,,1,,3,1,1,2,1,2,3,1,2,2,,,,2,1,,,1,,1,,3,3,4,5,4,5,5,4,1,4,2,3,3,4,3,1,,,2,2,,1,,,2,2,,1,,,1,,,,,,,,,,,,
WIOLETA,K,,,,,,,,,,,,,,,1,,,,,,,,,1,,,,1,1,,4,9,18,14,16,21,19,18,17,1,4,1,2,1,,2,1,,1,1,,1,,,1,,,,,,,,1,,,,
JULITA,K,,,1,,,,,1,,1,1,3,1,,1,1,1,3,2,,4,,1,1,2,6,2,3,2,3,3,4,4,,4,2,4,2,,3,2,1,1,,3,1,,1,2,2,3,1,1,1,7,3,,3,2,,,,2,2,2,,
RENATA,K,12,9,8,14,12,26,29,22,27,31,30,34,38,42,45,55,73,73,80,81,71,100,79,87,59,58,55,45,35,35,26,17,18,18,15,6,20,7,3,6,7,5,5,5,2,3,1,,,,,,,1,1,,,,,,,,,,,1,1
KAMILA,K,,1,,,1,,,,,,,,1,1,,,1,2,1,,2,5,1,5,5,8,7,13,13,18,19,19,26,40,30,39,29,31,29,22,16,17,23,19,22,19,31,24,16,12,14,13,12,12,10,20,9,8,7,6,7,10,9,3,4,3,4
LILIANNA,K,1,5,2,3,5,4,5,6,2,2,2,1,4,3,1,,2,,1,,,,,,,2,,3,1,1,,,,,,,,,,,,1,,,,,,,,,,,,,,1,,,,2,4,3,3,5,6,6,4
ANETA,K,,,,,,,,,1,1,1,,3,1,3,8,5,12,8,10,11,47,59,74,83,118,116,102,81,74,79,62,58,50,39,54,32,31,25,24,24,14,24,21,14,13,10,6,4,4,9,2,3,3,2,,,1,,1,,,,,1,1,
JAGODA,K,,,1,,,,,,,,,,1,2,,,1,2,,,,,,,1,,,1,1,,,2,3,,4,8,8,3,4,5,7,7,10,6,6,2,5,5,7,3,5,3,1,6,10,3,9,16,6,14,12,22,16,11,16,22,12
MONIKA,K,4,,1,1,,1,4,,2,6,6,4,4,11,10,23,42,40,57,73,94,97,115,145,168,209,234,196,201,179,155,144,128,144,142,133,118,103,97,88,73,73,67,70,40,30,29,31,23,11,19,12,14,6,7,6,9,4,7,2,6,3,3,1,2,1,1
LUCJA,K,3,7,1,1,1,1,2,2,2,2,3,1,,,,,,1,,,,,1,,,,,,1,,,1,3,1,1,1,1,2,2,1,,1,,,,1,1,1,,3,1,1,2,4,4,3,4,3,9,14,14,7,10,7,22,15,15
EWELINA,K,,,3,1,,1,1,,,,,,1,,,2,,,,,2,2,,1,6,9,9,20,5,30,26,37,49,80,93,93,104,76,90,65,70,52,52,43,40,39,26,21,20,9,11,8,4,6,5,9,5,3,2,2,,5,1,,2,1,2
MAYA,K,,,,,,,,,,,,,,,,,,,,,,,,,,,,,,,,,,,,1,,,,,,,,,,,,,,,,2,1,,1,1,1,3,5,1,1,2,1,,2,1,
ROMANA,K,3,3,1,1,3,2,1,5,3,2,1,,2,,1,,,,2,1,,,,,,,,1,,1,,,,,,,,,,,,,,,,,,,,,,,,,,,,,,,,,,,,,
MARZANNA,K,,,,,,,,,,,2,5,9,9,4,11,10,9,11,13,8,5,3,2,1,1,,1,,,,,,,,,,,,,,,,,,,,,,,,,,,,,,,,,,,,,,,
ZENOBIA,K,3,7,4,4,4,3,4,5,4,3,,,,2,1,1,1,,,,,,1,,,,,,,,,,,,,,,,,,,,,,,,,,,,,,,,,,,,,,,,,,,,
GRAZYNA,K,97,141,174,179,169,178,168,188,127,126,109,64,83,55,52,35,39,48,33,13,20,15,12,10,8,12,8,5,5,2,4,3,2,2,2,3,2,,,2,,2,,1,1,1,,,,,,,,,,,,,,,,,1,,,,
HANNA,K,20,29,38,46,46,55,61,52,37,44,36,32,27,23,25,9,17,12,8,5,4,2,11,2,2,3,2,,2,3,2,,4,3,1,5,2,4,2,1,2,1,4,5,1,3,1,3,3,,2,4,3,7,14,10,24,18,19,40,39,52,67,82,60,84,57
AGATA,K,1,,,,,,,3,,2,2,1,4,2,10,17,23,18,34,17,20,21,16,17,26,29,40,34,44,69,70,64,59,72,61,93,61,50,62,60,65,52,56,44,53,52,52,47,42,36,39,22,21,20,22,14,12,16,23,11,12,15,14,14,16,17,7
URSZULA,K,27,46,43,40,42,50,76,69,67,60,56,39,39,46,36,39,41,26,30,29,22,26,29,21,30,24,20,19,21,17,13,19,25,24,23,25,21,12,10,13,3,5,15,5,5,2,10,3,6,5,6,1,3,6,7,3,3,1,9,4,3,5,5,3,1,6,3
SABINA,K,8,3,8,4,7,6,1,2,4,3,,2,1,,1,1,2,1,,2,1,,,1,1,,4,,2,,1,3,2,2,,,3,1,2,3,,1,,1,2,,,,,,1,2,,,1,1,,,1,,1,2,2,1,3,,1
WIESLAWA,K,62,61,67,67,62,56,42,47,43,37,42,23,21,18,17,13,8,6,4,3,4,2,4,5,,1,1,,,1,1,,,,,,,1,,,,,,,,,,,,,,,,,,,,,,,,,,,,,
RYSZARDA,K,2,7,2,3,1,1,2,1,1,,,,,,1,,1,,,,1,1,,,1,,,,,,,,,,,,,,,,,,,,,,,,,,,,,,,,,,,,,,,,,,
OLIVIA,K,,,,,,,,,,,,,,,,,,,,,,,,,,,,,,,,,,,,,,,,,1,,,,,,1,,,1,,2,,1,2,,3,3,2,7,5,2,1,5,4,1,1
KORNELIA,K,,,,,,,,,,,,,,,,,,,,,1,,,,,,,,1,2,2,,1,3,1,,3,,,1,,1,3,,,1,1,1,1,1,3,1,2,2,3,3,4,7,8,6,9,9,27,15,23,25,17
ROMUALDA,K,4,,,2,,1,,3,4,1,3,,,,,,,,1,,,,,,,,,,,,,,,,,,,,,,,,,,,,,,,,,,,,,,,,,,,,,,,,
FELIKSA,K,2,1,,,,,,,,,,,,,,,,,,,,1,,,,,,,,,,,,,,,,,,,,,,,,,,,,,,,,,,,,,,,,,,,,,
MARIANNA,K,63,61,49,45,45,30,23,25,17,12,13,7,6,2,4,2,2,1,1,,,,,,2,,,,,,,,,1,1,1,,,,,,,,,,2,,,2,,1,,,,,2,1,,,,,3,2,,2,2,
IRMINA,K,1,1,1,2,1,1,2,4,1,1,1,,1,1,4,1,,,,,2,,,1,2,2,,3,1,1,1,2,1,1,5,1,,2,1,1,,,1,,,1,,,,,,,,,,,,1,,,,1,,,,,
DANUTA,K,94,99,122,126,132,110,97,121,94,73,50,49,53,41,28,39,23,20,24,9,15,14,13,10,9,4,4,5,5,2,3,3,3,,3,2,5,1,,,,2,,,,1,1,1,1,1,1,1,,2,,,,,,,1,,,1,,,
JOLANTA,K,29,29,35,34,58,55,84,99,108,111,129,114,121,92,98,90,77,59,68,52,50,36,44,32,25,36,36,22,21,17,21,16,20,12,13,17,7,7,6,7,6,5,2,2,1,3,1,2,4,1,1,,1,1,,,2,,,,,1,,,,,
MIECZYSLAWA,K,8,3,3,7,4,3,5,7,2,3,3,4,,1,,1,1,,,,,,,,1,,1,,,,,,,,,,,,,,,,,,,,,,,,,,,,,,,,,,,,,,,,
TEODORA,K,6,10,8,4,7,7,3,2,5,1,4,1,,4,1,2,1,,,,1,,,,,,,,,,,,,,,,,,,,,,,,,,,,,,,,,,,,,,,,,,,,,,
BIANKA,K,,,,,,,,,,,,,,,,,1,,,,,,,,,1,,,,,,,,,,,,,,,,,,,,,,,,1,,,,,1,1,1,3,1,3,4,1,4,2,2,1,5
WLADYSLAWA,K,6,8,8,4,8,3,5,2,1,2,,,1,,1,1,,,,,,,,,,,,,,,,,,,,,,,,,,,,,,,,,,,,,,,,,,,,,,,,,,,
ZOFIA,K,108,126,141,88,91,87,71,83,71,45,38,35,29,16,25,18,11,8,4,5,6,3,7,6,2,2,2,3,3,2,,4,2,3,5,3,2,3,4,2,2,1,3,3,2,3,4,5,3,5,8,14,17,13,16,16,33,23,23,37,44,36,54,53,53,67,46
EMILIA,K,12,2,10,4,8,8,7,4,8,6,5,2,8,3,2,5,3,4,3,3,1,3,2,2,2,7,6,7,18,18,16,25,34,38,33,29,39,13,28,21,19,18,19,13,10,12,13,17,12,13,7,12,19,18,18,14,25,24,34,22,29,33,29,30,26,28,15
ANDZELIKA,K,,,,,,,,,,,,,,,,,,,,,,,,2,,,,1,,,2,,,1,,,,3,3,3,2,2,1,3,4,5,3,2,3,4,,3,2,2,4,,2,1,,2,,3,,1,2,,
JUSTYNA,K,2,2,2,4,1,2,2,4,,3,4,5,9,5,4,4,6,8,9,8,14,8,19,19,18,25,32,44,58,53,57,67,64,82,80,72,68,63,55,46,40,36,36,33,37,22,22,31,20,13,17,13,13,7,12,14,9,7,2,10,6,6,4,1,5,4,4
ANITA,K,,,,,,2,,,1,1,1,1,2,,2,2,3,5,4,11,7,4,7,4,9,9,6,9,7,7,7,7,6,6,8,11,7,8,5,10,7,9,3,6,2,3,2,8,6,4,5,3,3,,2,1,,1,,1,,,2,4,2,1,
ADRIANA,K,,,,,,,,,,,,,,,,,,1,,,2,1,,,2,1,1,4,3,3,3,1,5,4,2,1,2,4,,4,4,5,7,1,,2,1,1,2,1,,,,,1,,1,,,1,,1,,,1,,1
MIROSLAWA,K,18,12,13,17,11,22,17,31,23,20,20,12,23,11,8,11,4,8,3,5,2,2,3,5,4,1,1,3,1,,2,,,2,,2,1,1,,,,,,1,,,,,,,,,,,,,,,,,,,,,,,
JADWIGA,K,91,90,94,122,82,90,71,75,60,50,48,42,32,31,21,18,19,14,9,19,5,7,10,7,2,3,3,5,1,1,,2,2,2,7,1,1,3,3,3,2,,,,2,1,,1,1,,,1,,,1,2,2,,1,,1,2,,1,1,,
ANTONINA,K,1,4,4,4,2,,1,,3,1,1,1,1,,,,1,,,,,,,,,,,,,1,,,1,1,,,,,,,,1,,1,2,3,2,,3,3,2,2,2,,3,5,8,13,11,18,26,21,20,27,37,30,24
KAZIMIERA,K,28,21,24,21,17,13,16,15,5,9,5,6,4,1,4,4,,1,1,1,,,1,1,,,,,,,,,,,,,,,,,,,,,,,,,,,,,,,,,,,,,,,,,,,
MARTYNA,K,,,,1,,,,,,,,,,,,,,,,,,,,,2,,1,,,,1,,1,3,1,5,9,9,8,1,3,5,5,7,9,7,6,14,8,13,8,14,32,47,26,40,25,33,33,30,42,36,23,22,14,28,16
DAGMARA,K,,,,2,1,,,,1,,,,,,,,3,,1,1,3,,4,2,2,5,6,8,5,7,6,12,8,12,9,8,14,7,12,8,5,2,9,3,9,4,5,2,6,5,2,2,3,3,1,4,,1,2,3,7,,3,2,3,,
MARZENNA,K,,1,3,2,2,4,3,4,7,6,4,3,4,2,1,1,3,2,1,2,,1,,,,,,,,,,,,,,,,,,,,,,,,,,,,,,,,,,,,,,,,,,,,,
LIWIA,K,,,,,,,,,,,,,,,,,,,,,,,1,,,,1,1,,,,,,,,,2,,,,,,1,,1,,,,,,,3,,2,2,1,1,3,3,4,6,5,3,5,7,3,
LUCYNA,K,25,29,36,31,44,29,35,21,20,25,25,14,8,12,15,11,11,6,7,4,4,4,2,2,2,,4,5,3,4,1,2,2,1,5,1,,3,1,,,,,,,,,,1,,,,,,,,,1,,,1,1,,,1,,
ALEKSANDRA,K,3,9,6,5,8,10,1,10,4,5,5,3,,5,5,5,2,1,4,3,2,7,10,11,13,9,7,21,17,28,33,43,41,60,50,58,63,59,69,82,96,100,100,102,124,94,96,100,121,120,100,105,81,62,88,76,86,80,75,66,69,82,65,78,66,74,47
VIOLETTA,K,,,1,,,1,2,,2,1,2,6,16,5,10,4,8,2,7,15,4,5,8,13,,,1,,,,,,,,,,,2,,,,,,,,,,1,1,,,,,,,,,,,,,,,,,,
GENOWEFA,K,19,14,16,7,7,8,7,3,1,2,4,3,3,1,2,,,,,1,1,,,,,,,,,,,,,,,,,,,,,,,,,,,,,,,,,,,,,,,,,,,,,,
POLA,K,,,,,,,,,,,,,,,,,,,,,,,,,,,,,,,,,,,,,,1,,,,2,,,,,,,,,1,3,2,3,6,4,4,9,10,9,6,18,24,19,20,23,30
STANISLAWA,K,49,29,26,37,21,21,13,17,21,7,8,3,3,2,2,3,2,1,1,1,,3,2,2,,1,1,,,,,,,,,,,,,1,,,,,1,,,,,,,,,,,,,,,,,,,,,,
BARBARA,K,133,182,162,162,175,189,151,164,166,125,149,104,87,110,72,63,65,61,38,53,56,62,43,35,50,34,40,39,34,34,46,27,38,38,44,29,37,17,21,18,14,14,11,10,10,12,3,7,10,18,15,8,12,8,8,10,9,9,8,13,14,14,6,17,14,21,6
IWONNA,K,8,3,4,11,7,13,12,2,1,,1,,,,,,,,,,,,,,,,,,,,,,,,,,,,,,,,,,,,,,,,,,,,,,,,,,,,,,,,
MARZENA,K,,1,1,,1,1,2,7,14,17,35,56,55,59,68,71,93,72,69,59,40,52,41,50,44,41,41,30,22,26,22,21,25,20,12,25,18,15,8,8,3,1,6,1,2,2,,1,2,,,,,,,,,1,,,,,1,,,1,
ELZBIETA,K,168,163,167,177,165,199,192,214,168,155,150,141,111,137,136,103,105,92,81,73,76,50,61,54,43,49,43,34,39,24,27,34,25,34,40,22,17,17,15,13,8,13,6,10,6,2,2,1,2,8,3,2,2,3,6,3,2,3,4,1,4,1,1,2,5,2,
MARTA,K,20,19,26,33,28,40,30,42,40,37,30,30,35,46,31,46,57,44,46,56,43,38,51,45,43,48,41,54,83,81,68,77,87,81,78,66,63,58,54,41,43,37,34,32,25,20,23,13,6,10,6,5,12,9,11,13,5,11,8,10,18,10,10,6,7,3,4
IZABELA,K,7,2,4,3,2,7,3,4,12,7,7,4,20,16,11,10,16,16,21,27,30,34,33,26,40,29,34,32,38,41,36,63,51,66,48,56,45,30,43,30,41,35,39,16,18,26,21,20,14,14,9,13,12,6,10,9,8,9,4,9,9,1,9,6,7,8,2
APOLONIA,K,3,,2,2,,1,1,,,,,,1,,,,,,,,1,,,,,,,,,,,,,,,,,,,,,,,,,,,,,,,,,1,1,,1,1,,,1,,2,1,2,2,4
BOZENA,K,16,25,16,31,40,47,42,98,137,113,90,91,97,86,84,94,75,70,53,45,37,30,23,20,18,16,12,6,10,12,6,7,4,5,7,2,3,2,1,,,2,1,1,,,,,,,,,,1,,,,,,,1,,,1,,1,
NICOLA,K,,,,,,,,,,,,,,,,,,,,,,,,,,,,,,,,,,,,1,,,,,,,,,,,,,,,,,2,,,,,3,2,6,4,2,3,1,3,,1
ZANETA,K,,,,,,,,,,,,,,,,,2,,,4,2,1,2,1,2,5,9,1,3,1,5,1,4,7,8,7,6,3,5,3,7,5,7,2,4,8,3,1,5,2,,,1,2,1,1,,1,,1,,,,,,,
IRENA,K,71,68,59,65,56,67,54,54,46,36,26,19,13,14,12,15,13,12,6,8,6,11,9,10,5,4,6,4,3,3,4,2,2,2,2,2,2,,2,,,,1,,,,,,,,1,1,,,,,1,,,,,1,,,,,1
NATASZA,K,,,,,,,,,,,,,,1,1,,,,,,,,,,1,,1,1,2,5,,,,,,,2,,,,,1,1,1,,,,,,,,,,1,,1,2,1,3,6,7,6,4,3,4,2,
KAJA,K,,,,,,,,,,,,,,,,,,,1,,,1,,,,,,,,1,1,,1,1,1,1,1,1,2,2,5,4,2,3,3,5,2,4,2,6,5,4,1,4,3,2,5,5,4,4,5,11,11,9,7,7,5
MAJA,K,,,,,,,,,,,,,,,,,,,,,,3,3,2,1,2,4,,2,7,8,4,1,5,5,2,4,,1,2,3,5,6,7,3,5,6,6,7,5,6,23,17,24,31,43,46,55,89,83,97,77,60,65,57,53,40
KLAUDIA,K,,,1,,,,,,,,,,,,,,1,,,1,,3,1,,3,1,3,1,2,4,3,4,,5,7,8,5,5,8,11,11,26,23,22,37,47,48,53,49,46,46,33,31,37,26,25,18,16,23,23,7,10,8,5,4,10,4
HENRYKA,K,30,26,21,22,22,21,25,21,15,12,11,4,6,5,4,3,3,,,3,2,,,1,1,,,,,1,,,,,,,,,,,,,,,,,,,,,,,,,,,,,,,,,,,,,
MARCELINA,K,,,,,,,,,,,,,,,,,,,1,,,,,,,,,,,,,,1,1,2,2,3,2,1,,1,2,2,3,2,4,4,1,,3,5,8,5,2,3,5,5,4,7,6,8,8,8,10,9,9,11
EUGENIA,K,3,5,2,,4,2,6,5,3,1,2,,,,1,,,,1,,,,,,,,,,,,,,,,,,,,,,,,,,,,,,,,,,,,,,,,,,,,,,,,
AGNIESZKA,K,5,3,2,4,2,3,9,5,6,2,9,14,14,12,32,33,42,80,106,139,161,272,293,306,318,274,285,264,282,249,244,219,278,226,222,160,188,121,160,110,103,95,88,53,56,39,43,35,23,26,12,19,10,7,10,7,8,6,10,7,4,7,6,8,7,3,3
NIKOLA,K,,,,,,,,,,,,,,,,,,,,,,,,,,,,,,,,,,,,,,,,1,,,,1,2,,3,4,2,5,10,18,15,21,22,25,27,39,49,41,26,32,18,21,22,18,16
LENA,K,,,1,,,,,,,,,,1,,,,,,1,,1,,,,,,,,,,1,,,,,,2,,1,,1,,,,,,,,3,1,1,4,,1,4,6,13,25,25,51,61,75,82,58,55,51,35
MARIA,K,182,179,184,175,183,166,169,151,117,117,99,77,59,52,51,30,30,26,15,22,11,14,9,20,10,8,9,4,13,8,18,13,22,16,21,10,10,20,14,5,11,14,12,11,5,13,13,21,14,15,15,13,15,12,15,19,25,17,34,33,33,28,29,22,33,30,17
MIA,K,,,,,,,,,,,,,,,,,,,,,,,,,,,,,,,,,,,,,,,,,,,,,,,,,,,,,,,,,,,,2,,,2,1,5,2,1
PATRYCJA,K,,,,,,,,,,,,,,,,,,,,,,,1,6,6,9,4,15,13,13,12,17,15,29,17,21,23,34,24,41,46,67,45,44,43,43,42,53,29,26,35,35,20,26,30,28,18,13,19,22,14,9,15,9,8,11,4
ALICJA,K,37,44,41,55,63,52,43,41,49,38,29,24,24,16,20,14,9,18,17,13,11,17,8,5,5,8,3,10,11,6,8,10,13,8,16,9,15,11,17,13,17,15,17,13,13,17,31,19,27,21,29,24,23,33,44,29,34,47,53,47,47,60,69,74,69,82,52
